t,1.2uM,2uM,4uM
0,2.02E-06,5.42E-06,2.39E-05
0.05025125628,2.02E-06,5.42E-06,2.39E-05
0.1005025126,8.08E-06,2.19E-05,1.08E-04
0.1507537688,1.83E-05,5.01E-05,0.0002959795268
0.2010050251,3.28E-05,9.11E-05,0.0006908466896
0.2512562814,5.16E-05,0.0001464601874,0.001516109916
0.3015075377,7.50E-05,0.0002184199059,0.003250441914
0.351758794,1.03E-04,0.0003097611847,0.006902215844
0.4020100503,1.37E-04,0.000424050616,0.014525361
0.4522613065,0.0001753840699,0.0005657472278,0.02999856475
0.5025125628,0.0002201020949,0.0007403736269,0.05950760236
0.5527638191,0.0002711857853,0.000954727043,0.1096205223
0.6030150754,0.0003291817014,0.001217137676,0.1807239275
0.6532663317,0.0003947128967,0.00153778319,0.2615938441
0.7035175879,0.0004684863455,0.001929069773,0.3362724944
0.7537688442,0.0005513013683,0.002406091908,0.3957793752
0.8040201005,0.0006440591498,0.002987184738,0.439923627
0.8542713568,0.000747773457,0.003694584627,0.4726351685
0.9045226131,0.0008635826766,0.004555214909,0.4984009831
0.9547738693,0.000992763302,0.005601614681,0.5210016499
1.005025126,0.001136745013,0.006873028142,0.5433390737
1.055276382,0.001297127506,0.008416669892,0.5675186789
1.105527638,0.001475699239,0.01028917645,0.5948843229
1.155778894,0.001674458277,0.01255824468,0.6259723456
1.206030151,0.001895635433,0.01530444184,0.6604724519
1.256281407,0.0021417199,0.01862314661,0.6973144889
1.306532663,0.002415487589,0.02262654329,0.7349371042
1.35678392,0.0027200324,0.02744553823,0.771672661
1.407035176,0.003058800624,0.03323139595,0.8061019759
1.457286432,0.003435628706,0.04015680119,0.8372597471
1.507537688,0.003854784562,0.04841594415,0.8646676752
1.557788945,0.004321012615,0.05822310955,0.8882499792
1.608040201,0.004839582709,0.06980914666,0.9082048464
1.658291457,0.005416342953,0.08341514173,0.9248836759
1.708542714,0.006057776531,0.09928266044,0.9387004293
1.75879397,0.006771062346,0.1176401404,0.9500733128
1.809045226,0.007564139281,0.1386854553,0.9593922234
1.859296482,0.00844577365,0.1625653747,0.9670037287
1.909547739,0.009425629187,0.1893535599,0.9732067165
1.959798995,0.01051433866,0.2190297118,0.9782539011
2.010050251,0.01172357581,0.2514632374,0.9823561444
2.060301508,0.01306612595,0.2864049772,0.9856878146
2.110552764,0.01455595296,0.323489854,0.9883922205
2.16080402,0.01620826,0.362251699,0.9905866486
2.211055276,0.01803954035,0.4021492957,0.9923668104
2.261306533,0.02006761428,0.442600436,0.9938106547
2.311557789,0.02231164695,0.4830192146,0.9949815757
2.361809045,0.02479214139,0.5228513791,0.9959310817
2.412060302,0.02753089998,0.5616033542,0.9967009955
2.462311558,0.03055094706,0.5988622253,0.9973252602
2.512562814,0.03387640454,0.6343058981,0.9978314145
2.56281407,0.03753231239,0.6677043199,0.998241797
2.613065327,0.04154438571,0.6989137064,0.9985745245
2.663316583,0.04593870117,0.7278661362,0.9988442888
2.713567839,0.0507413067,0.7545567554,0.9990630033
2.763819095,0.05597775097,0.779030409,0.9992403278
2.814070352,0.06167253274,0.8013689751,0.9993840946
2.864321608,0.06784847449,0.8216801614,0.999500654
2.914572864,0.07452603062,0.8400881112,0.9995951549
2.964824121,0.08172254717,0.8567258702,0.9996717716
3.015075377,0.08945149695,0.8717295871,0.9997338887
3.065326633,0.09772172127,0.8852342251,0.9997842502
3.115577889,0.1065367156,0.8973705275,0.9998250808
3.165829146,0.115894001,0.9082629875,0.9998581842
3.216080402,0.1257846262,0.9180285939,0.9998850229
3.266331658,0.1361928413,0.9267761615,0.9999067823
3.316582915,0.1470959824,0.9346060878,0.9999244237
3.366834171,0.1584645923,0.9416104108,0.9999387265
3.417085427,0.1702627946,0.9478730732,0.9999503225
3.467336683,0.1824489162,0.9534703186,0.999959724
3.51758794,0.1949763423,0.9584711671,0.9999673462
3.567839196,0.2077945674,0.9629379311,0.9999735259
3.618090452,0.2208503914,0.9669267437,0.9999785362
3.668341709,0.2340892043,0.9704880818,0.9999825982
3.718592965,0.2474562921,0.9736672695,0.9999858915
3.768844221,0.260898102,0.9765049561,0.9999885615
3.819095477,0.2743634087,0.9790375629,0.9999907262
3.869346734,0.2878043337,0.9812976971,0.9999924813
3.91959799,0.301177184,0.9833145323,0.9999939042
3.969849246,0.3144430893,0.9851141561,0.9999950578
4.020100503,0.3275684318,0.9867198865,0.9999959931
4.070351759,0.3405250745,0.9881525586,0.9999967514
4.120603015,0.3532904036,0.9894307834,0.9999973662
4.170854271,0.3658472095,0.9905711812,0.9999978647
4.221105528,0.3781834327,0.9915885918,0.9999982688
4.271356784,0.390291804,0.9924962629,0.9999985964
4.32160804,0.4021694079,0.9933060196,0.999998862
4.371859296,0.4138171948,0.9940284159,0.9999990774
4.422110553,0.4252394668,0.9946728703,0.999999252
4.472361809,0.4364433541,0.9952477878,0.9999993936
4.522613065,0.4474383005,0.995760668,0.9999995083
4.572864322,0.4582355678,0.9962182027,0.9999996014
4.623115578,0.468847769,0.9966263626,0.9999996768
4.673366834,0.4792884352,0.9969904745,0.999999738
4.72361809,0.4895716209,0.9973152912,0.9999997876
4.773869347,0.4997115487,0.9976050527,0.9999998278
4.824120603,0.5097222934,0.9978635417,0.9999998604
4.874371859,0.5196175058,0.998094133,0.9999998868
4.924623116,0.5294101753,0.9982998371,0.9999999082
4.974874372,0.5391124278,0.99848334,0.9999999256
5.025125628,0.5487353596,0.9986470375,0.9999999397
5.075376884,0.558288904,0.9987930671,0.9999999511
5.125628141,0.567781729,0.9989233357,0.9999999603
5.175879397,0.5772211643,0.9990395443,0.9999999678
5.226130653,0.5866131559,0.9991432104,0.9999999739
5.27638191,0.5959622469,0.9992356876,0.9999999789
5.326633166,0.6052715816,0.9993181836,0.9999999829
5.376884422,0.6145429318,0.9993917756,0.9999999861
5.427135678,0.623776744,0.9994574247,0.9999999887
5.477386935,0.6329722034,0.9995159881,0.9999999909
5.527638191,0.6421273146,0.9995682306,0.9999999926
5.577889447,0.6512389964,0.9996148345,0.999999994
5.628140704,0.6603031869,0.9996564083,0.9999999951
5.67839196,0.669314958,0.9996934949,0.9999999961
5.728643216,0.6782686367,0.9997265787,0.9999999968
5.778894472,0.6871579296,0.9997560916,0.9999999974
5.829145729,0.6959760496,0.9997824191,0.9999999979
5.879396985,0.704715842,0.999805905,0.9999999983
5.929648241,0.713369907,0.9998268561,0.9999999986
5.979899497,0.7219307181,0.9998455458,0.9999999989
6.030150754,0.7303907341,0.9998622183,0.9999999991
6.08040201,0.7387425027,0.9998770912,0.9999999993
6.130653266,0.7469787553,0.9998903589,0.9999999994
6.180904523,0.7550924919,0.9999021946,0.9999999995
6.231155779,0.763077055,0.9999127528,0.9999999996
6.281407035,0.7709261936,0.9999221715,0.9999999997
6.331658291,0.7786341151,0.9999305735,0.9999999997
6.381909548,0.7861955275,0.9999380687,0.9999999998
6.432160804,0.7936056703,0.9999447549,0.9999999998
6.48241206,0.8008603365,0.9999507195,0.9999999999
6.532663317,0.807955885,0.9999560403,0.9999999999
6.582914573,0.8148892448,0.9999607868,0.9999999999
6.633165829,0.8216579113,0.999965021,0.9999999999
6.683417085,0.8282599372,0.9999687981,0.9999999999
6.733668342,0.8346939163,0.9999721676,1
6.783919598,0.8409589637,0.9999751735,1
6.834170854,0.8470546916,0.9999778549,1
6.884422111,0.852981182,0.9999802468,1
6.934673367,0.8587389575,0.9999823807,1
6.984924623,0.8643289499,0.9999842842,1
7.035175879,0.8697524685,0.9999859822,1
7.085427136,0.8750111673,0.999987497,1
7.135678392,0.880107013,0.9999888483,1
7.185929648,0.8850422529,0.9999900537,1
7.236180905,0.8898193837,0.999991129,1
7.286432161,0.8944411213,0.9999920883,1
7.336683417,0.8989103727,0.999992944,1
7.386934673,0.9032302077,0.9999937074,1
7.43718593,0.907403834,0.9999943884,1
7.487437186,0.9114345729,0.9999949958,1
7.537688442,0.9153258364,0.9999955377,1
7.587939698,0.9190811073,0.9999960212,1
7.638190955,0.9227039195,0.9999964524,1
7.688442211,0.926197841,0.9999968371,1
7.738693467,0.9295664581,0.9999971803,1
7.788944724,0.9328133611,0.9999974864,1
7.83919598,0.9359421313,0.9999977595,1
7.889447236,0.9389563302,0.9999980031,1
7.939698492,0.941859489,0.9999982204,1
7.989949749,0.9446550996,0.9999984143,1
8.040201005,0.9473466073,0.9999985873,1
8.090452261,0.9499374041,0.9999987415,1
8.140703518,0.9524308225,0.9999988792,1
8.190954774,0.9548301312,0.9999990019,1
8.24120603,0.9571385308,0.9999991114,1
8.291457286,0.9593591505,0.9999992091,1
8.341708543,0.9614950457,0.9999992963,1
8.391959799,0.9635491958,0.999999374,1
8.442211055,0.9655245025,0.9999994434,1
8.492462312,0.9674237892,0.9999995053,1
8.542713568,0.9692498002,0.9999995605,1
8.592964824,0.9710052003,0.9999996097,1
8.64321608,0.9726925753,0.9999996536,1
8.693467337,0.9743144319,0.9999996928,1
8.743718593,0.9758731988,0.9999997277,1
8.793969849,0.9773712275,0.9999997589,1
8.844221106,0.978810793,0.9999997867,1
8.894472362,0.9801940953,0.9999998116,1
8.944723618,0.981523261,0.9999998337,1
8.994974874,0.9828003441,0.9999998534,1
9.045226131,0.9840273281,0.999999871,1
9.095477387,0.9852061276,0.9999998868,1
9.145728643,0.9863385895,0.9999999008,1
9.195979899,0.9874264954,0.9999999133,1
9.246231156,0.9884715627,0.9999999244,1
9.296482412,0.9894754471,0.9999999344,1
9.346733668,0.9904397435,0.9999999433,1
9.396984925,0.9913659886,0.9999999512,1
9.447236181,0.9922556624,0.9999999582,1
9.497487437,0.9931101897,0.9999999645,1
9.547738693,0.9939309422,0.9999999702,1
9.59798995,0.99471924,0.9999999752,1
9.648241206,0.9954763535,0.9999999796,1
9.698492462,0.9962035051,0.9999999836,1
9.748743719,0.9969018704,0.9999999872,1
9.798994975,0.9975725803,0.9999999904,1
9.849246231,0.9982167224,0.9999999932,1
9.899497487,0.9988353426,0.9999999957,1
9.949748744,0.9994294462,0.999999998,1
10,1,1,1